<?xml version="1.0"?>

<project default="createStructure" basedir=".">

	<taskdef resource="gk/deploy/ant/taskdefs/defaults.properties"/>
	<taskdef resource="gk/network/ant/taskdefs/defaults.properties"/>
	<typedef resource="gk/network/ant/types/defaults.properties"/>
	<taskdef resource="net/sf/antcontrib/antcontrib.properties"/>
	<taskdef resource="net/sf/antcontrib/antlib.xml"/>

	<property environment="env"/>
	<!--echoproperties/-->

	<property file="create-VP-nodes.properties"/>
	<loadfile property="node.list" srcfile="list.txt"/>
	<property name="line.pattern" value="^(.*)-(.*)TI(.*)$"/>

	<import file="F:\gkretail\sm.server\bin\sm-ant-client.xml"/>
	
	<!--property name="sm.user" value="testSM"/>
	<property name="sm.pswd" value="GKretail123"/-->

	<record name="F:/gkretail/sm.server/log/create-nodes.log" loglevel="verbose" action="start" append="yes"/>


	<target name="createStructure" depends="login">

		
		<for param="line" list="${node.list}" delimiter="${line.separator}">
			<sequential>
				<if>
					<and>
						<length string="@{line}" trim="true" when="greater" length="0" />
						<not>
							<contains string="@{line}" substring="##########"/>
						</not>
					</and>
					<then>
						<propertyregex property="country"  input="@{line}" regexp="${line.pattern}" select="\1" override="true"/>
						<propertyregex property="store.nr" input="@{line}" regexp="${line.pattern}" select="\2" override="true"/>
						<propertyregex property="pos.nr"   input="@{line}" regexp="${line.pattern}" select="\3" override="true"/>

						<math result="password">
							<op op="+" datatype="int">
								<op op="%">
									<op op="rint">
										<op op="*">
											<num value="99999999"/>
											<op op="random"/>
										</op>
									</op>
									<num value="90000000"/>
								</op>
								<num value="10000000" />
							</op>
						</math>

						<sm-structure-create parentID="@{line}" nodeName="VP_Plugin_TI${pos.nr}" nodeID="${country}-${store.nr}TI${pos.nr}VP" nodeType="LDL-VP" systemGroup="10"/>
						<parameter-change nodeID="${country}-${store.nr}TI${pos.nr}VP" paramFile="vpModuleWindows.properties" versions="all" paramUrl="com.valuephone.pos.ws.username" value="${store.nr}_${country}_${pos.nr}"/>	
						<parameter-change nodeID="${country}-${store.nr}TI${pos.nr}VP" paramFile="vpModuleWindows.properties" versions="all" paramUrl="com.valuephone.pos.ws.password" value="${password}"/>	
						
						<echo file="passwords.txt" append="true">${country}-${store.nr}TI${pos.nr}VP;${store.nr}_${country}_${pos.nr};${password}${line.separator}</echo>

					</then>
				</if>
			</sequential>
		</for>

		<record name="F:/gkretail/sm.server/log/create-nodes.log" action="stop"/>
	</target>

</project>
